tms_uuid,circuit,name,server_uuid,server_name,server_ip,server_type,server_serial,data_usage
a652cb10-3953-4ab0-9b2e-df2d9b09dc46,GSC,GSC Cinema 01,f71498aa-ee16-4d0e-aaaf-2d589d6be001,Hall 01,192.168.143.13,DC Server,218010,1.6 TB / 1.8 TB
a652cb10-3953-4ab0-9b2e-df2d9b09dc46,GSC,GSC Cinema 01,f71498aa-ee16-4d0e-aaaf-2d589d6be002,Hall 02,192.168.143.23,GDC SX-3000,A55942,1.6 TB / 2.7 TB
a652cb10-3953-4ab0-9b2e-df2d9b09dc46,GSC,GSC Cinema 01,f71498aa-ee16-4d0e-aaaf-2d589d6be003,Hall 03,192.168.143.33,GDC SX-4000,A55942,1.6 TB / 1.8 TB
a652cb10-3953-4ab0-9b2e-df2d9b09dc46,GSC,GSC Cinema 01,f71498aa-ee16-4d0e-aaaf-2d589d6be004,Hall 04,192.168.143.43,GDC SR-1000,A55942,1.6 TB / 2.7 TB
a652cb10-3953-4ab0-9b2e-df2d9b09dc46,GSC,GSC Cinema 01,f71498aa-ee16-4d0e-aaaf-2d589d6be005,Hall 05,192.168.143.53,DSS100,A55942,1.6 TB / 1.8 TB
a652cb10-3953-4ab0-9b2e-df2d9b09dc46,GSC,GSC Cinema 01,f71498aa-ee16-4d0e-aaaf-2d589d6be006,Hall 06,192.168.143.63,LMT300,A55942,1.6 TB / 2.7 TB
a652cb10-3953-4ab0-9b2e-df2d9b09dc46,GSC,GSC Cinema 01,f71498aa-ee16-4d0e-aaaf-2d589d6be007,Hall 07,192.168.143.73,DC Server,A55942,1.6 TB / 1.8 TB
a652cb10-3953-4ab0-9b2e-df2d9b09dc46,GSC,GSC Cinema 01,f71498aa-ee16-4d0e-aaaf-2d589d6be008,Hall 08,192.168.143.83,GDC SX-3000,A55942,1.6 TB / 2.7 TB
a652cb10-3953-4ab0-9b2e-df2d9b09dc47,GSC,GSC Cinema 02,f71498aa-ee16-4d0e-aaaf-2d589d6be009,Hall 01,192.168.143.13,GDC SX-4000,218010,1.6 TB / 1.8 TB
a652cb10-3953-4ab0-9b2e-df2d9b09dc47,GSC,GSC Cinema 02,f71498aa-ee16-4d0e-aaaf-2d589d6be010,Hall 02,192.168.143.23,GDC SR-1000,A55942,1.6 TB / 2.7 TB
a652cb10-3953-4ab0-9b2e-df2d9b09dc47,GSC,GSC Cinema 02,f71498aa-ee16-4d0e-aaaf-2d589d6be011,Hall 03,192.168.143.33,DSS100,A55942,1.6 TB / 1.8 TB
a652cb10-3953-4ab0-9b2e-df2d9b09dc47,GSC,GSC Cinema 02,f71498aa-ee16-4d0e-aaaf-2d589d6be012,Hall 04,192.168.143.43,LMT300,A55942,1.6 TB / 2.7 TB
a652cb10-3953-4ab0-9b2e-df2d9b09dc47,GSC,GSC Cinema 02,f71498aa-ee16-4d0e-aaaf-2d589d6be013,Hall 05,192.168.143.53,DC Server,A55942,1.6 TB / 1.8 TB
a652cb10-3953-4ab0-9b2e-df2d9b09dc47,GSC,GSC Cinema 02,f71498aa-ee16-4d0e-aaaf-2d589d6be014,Hall 06,192.168.143.63,GDC SX-3000,A55942,1.6 TB / 2.7 TB
a652cb10-3953-4ab0-9b2e-df2d9b09dc47,GSC,GSC Cinema 02,f71498aa-ee16-4d0e-aaaf-2d589d6be015,Hall 07,192.168.143.73,GDC SX-4000,A55942,1.6 TB / 1.8 TB
a652cb10-3953-4ab0-9b2e-df2d9b09dc47,GSC,GSC Cinema 02,f71498aa-ee16-4d0e-aaaf-2d589d6be016,Hall 08,192.168.143.83,GDC SR-1000,A55942,1.6 TB / 2.7 TB
a652cb10-3953-4ab0-9b2e-df2d9b09dc48,GSC,GSC Cinema 03,f71498aa-ee16-4d0e-aaaf-2d589d6be017,Hall 01,192.168.143.13,DSS100,218011,1.6 TB / 1.8 TB
a652cb10-3953-4ab0-9b2e-df2d9b09dc48,GSC,GSC Cinema 03,f71498aa-ee16-4d0e-aaaf-2d589d6be018,Hall 02,192.168.143.23,LMT300,A55942,1.6 TB / 2.7 TB
a652cb10-3953-4ab0-9b2e-df2d9b09dc48,GSC,GSC Cinema 03,f71498aa-ee16-4d0e-aaaf-2d589d6be019,Hall 03,192.168.143.33,DC Server,A55942,1.6 TB / 1.8 TB
a652cb10-3953-4ab0-9b2e-df2d9b09dc48,GSC,GSC Cinema 03,f71498aa-ee16-4d0e-aaaf-2d589d6be020,Hall 04,192.168.143.43,GDC SX-3000,A55942,1.6 TB / 2.7 TB
a652cb10-3953-4ab0-9b2e-df2d9b09dc48,GSC,GSC Cinema 03,f71498aa-ee16-4d0e-aaaf-2d589d6be021,Hall 05,192.168.143.53,GDC SX-4000,A55942,1.6 TB / 1.8 TB
a652cb10-3953-4ab0-9b2e-df2d9b09dc48,GSC,GSC Cinema 03,f71498aa-ee16-4d0e-aaaf-2d589d6be022,Hall 06,192.168.143.63,GDC SR-1000,A55942,1.6 TB / 2.7 TB
a652cb10-3953-4ab0-9b2e-df2d9b09dc48,GSC,GSC Cinema 03,f71498aa-ee16-4d0e-aaaf-2d589d6be023,Hall 07,192.168.143.73,DSS100,A55942,1.6 TB / 1.8 TB
a652cb10-3953-4ab0-9b2e-df2d9b09dc48,GSC,GSC Cinema 03,f71498aa-ee16-4d0e-aaaf-2d589d6be024,Hall 08,192.168.143.83,LMT300,A55942,1.6 TB / 2.7 TB
a652cb10-3953-4ab0-9b2e-df2d9b09dc49,GSC,GSC Cinema 04,f71498aa-ee16-4d0e-aaaf-2d589d6be025,Hall 01,192.168.143.13,DC Server,218011,1.6 TB / 1.8 TB
a652cb10-3953-4ab0-9b2e-df2d9b09dc49,GSC,GSC Cinema 04,f71498aa-ee16-4d0e-aaaf-2d589d6be026,Hall 02,192.168.143.23,GDC SX-3000,A55942,1.6 TB / 2.7 TB
a652cb10-3953-4ab0-9b2e-df2d9b09dc49,GSC,GSC Cinema 04,f71498aa-ee16-4d0e-aaaf-2d589d6be027,Hall 03,192.168.143.33,ICMP01,A55942,1.6 TB / 1.8 TB
a652cb10-3953-4ab0-9b2e-df2d9b09dc49,GSC,GSC Cinema 04,f71498aa-ee16-4d0e-aaaf-2d589d6be028,Hall 04,192.168.143.43,GDC SR-1000,A55942,1.6 TB / 2.7 TB
a652cb10-3953-4ab0-9b2e-df2d9b09dc49,GSC,GSC Cinema 04,f71498aa-ee16-4d0e-aaaf-2d589d6be029,Hall 05,192.168.143.53,DSS100,A55942,1.6 TB / 1.8 TB
a652cb10-3953-4ab0-9b2e-df2d9b09dc49,GSC,GSC Cinema 04,f71498aa-ee16-4d0e-aaaf-2d589d6be030,Hall 06,192.168.143.63,LMT300,A55942,1.6 TB / 2.7 TB
a652cb10-3953-4ab0-9b2e-df2d9b09dc49,GSC,GSC Cinema 04,f71498aa-ee16-4d0e-aaaf-2d589d6be031,Hall 07,192.168.143.73,DC Server,A55942,1.6 TB / 1.8 TB
a652cb10-3953-4ab0-9b2e-df2d9b09dc49,GSC,GSC Cinema 04,f71498aa-ee16-4d0e-aaaf-2d589d6be032,Hall 08,192.168.143.83,GDC SX-3000,A55942,1.6 TB / 2.7 TB
a652cb10-3953-4ab0-9b2e-df2d9b09dc50,GSC,GSC Cinema 05,f71498aa-ee16-4d0e-aaaf-2d589d6be033,Hall 01,192.168.143.13,GDC SX-4000,218012,1.6 TB / 1.8 TB
a652cb10-3953-4ab0-9b2e-df2d9b09dc50,GSC,GSC Cinema 05,f71498aa-ee16-4d0e-aaaf-2d589d6be034,Hall 02,192.168.143.23,GDC SR-1000,A55942,1.6 TB / 2.7 TB
a652cb10-3953-4ab0-9b2e-df2d9b09dc50,GSC,GSC Cinema 05,f71498aa-ee16-4d0e-aaaf-2d589d6be035,Hall 03,192.168.143.33,DSS100,A55942,1.6 TB / 1.8 TB
a652cb10-3953-4ab0-9b2e-df2d9b09dc50,GSC,GSC Cinema 05,f71498aa-ee16-4d0e-aaaf-2d589d6be036,Hall 04,192.168.143.43,LMT300,A55942,1.6 TB / 2.7 TB
a652cb10-3953-4ab0-9b2e-df2d9b09dc50,GSC,GSC Cinema 05,f71498aa-ee16-4d0e-aaaf-2d589d6be037,Hall 05,192.168.143.53,DC Server,A55942,1.6 TB / 1.8 TB
a652cb10-3953-4ab0-9b2e-df2d9b09dc50,GSC,GSC Cinema 05,f71498aa-ee16-4d0e-aaaf-2d589d6be038,Hall 06,192.168.143.63,GDC SX-3000,A55942,1.6 TB / 2.7 TB
a652cb10-3953-4ab0-9b2e-df2d9b09dc50,GSC,GSC Cinema 05,f71498aa-ee16-4d0e-aaaf-2d589d6be039,Hall 07,192.168.143.73,GDC SX-4000,A55942,1.6 TB / 1.8 TB
a652cb10-3953-4ab0-9b2e-df2d9b09dc50,GSC,GSC Cinema 05,f71498aa-ee16-4d0e-aaaf-2d589d6be040,Hall 08,192.168.143.83,GDC SR-1000,A55942,1.6 TB / 2.7 TB
a652cb10-3953-4ab0-9b2e-df2d9b09dc51,GSC,GSC Cinema 06,f71498aa-ee16-4d0e-aaaf-2d589d6be041,Hall 01,192.168.143.13,DSS100,218012,1.6 TB / 1.8 TB
a652cb10-3953-4ab0-9b2e-df2d9b09dc51,GSC,GSC Cinema 06,f71498aa-ee16-4d0e-aaaf-2d589d6be042,Hall 02,192.168.143.23,LMT300,A55942,1.6 TB / 2.7 TB
a652cb10-3953-4ab0-9b2e-df2d9b09dc51,GSC,GSC Cinema 06,f71498aa-ee16-4d0e-aaaf-2d589d6be043,Hall 03,192.168.143.33,DC Server,A55942,1.6 TB / 1.8 TB
a652cb10-3953-4ab0-9b2e-df2d9b09dc51,GSC,GSC Cinema 06,f71498aa-ee16-4d0e-aaaf-2d589d6be044,Hall 04,192.168.143.43,GDC SX-3000,A55942,1.6 TB / 2.7 TB
a652cb10-3953-4ab0-9b2e-df2d9b09dc51,GSC,GSC Cinema 06,f71498aa-ee16-4d0e-aaaf-2d589d6be045,Hall 05,192.168.143.53,GDC SX-4000,A55942,1.6 TB / 1.8 TB
a652cb10-3953-4ab0-9b2e-df2d9b09dc51,GSC,GSC Cinema 06,f71498aa-ee16-4d0e-aaaf-2d589d6be046,Hall 06,192.168.143.63,GDC SR-1000,A55942,1.6 TB / 2.7 TB
a652cb10-3953-4ab0-9b2e-df2d9b09dc51,GSC,GSC Cinema 06,f71498aa-ee16-4d0e-aaaf-2d589d6be047,Hall 07,192.168.143.73,DSS100,A55942,1.6 TB / 1.8 TB
a652cb10-3953-4ab0-9b2e-df2d9b09dc51,GSC,GSC Cinema 06,f71498aa-ee16-4d0e-aaaf-2d589d6be048,Hall 08,192.168.143.83,LMT300,A55942,1.6 TB / 2.7 TB
a652cb10-3953-4ab0-9b2e-df2d9b09dc52,GSC,GSC Cinema 07,f71498aa-ee16-4d0e-aaaf-2d589d6be049,Hall 01,192.168.143.13,DC Server,218013,1.6 TB / 1.8 TB
a652cb10-3953-4ab0-9b2e-df2d9b09dc52,GSC,GSC Cinema 07,f71498aa-ee16-4d0e-aaaf-2d589d6be050,Hall 02,192.168.143.23,GDC SX-3000,A55942,1.6 TB / 2.7 TB
a652cb10-3953-4ab0-9b2e-df2d9b09dc52,GSC,GSC Cinema 07,f71498aa-ee16-4d0e-aaaf-2d589d6be051,Hall 03,192.168.143.33,GDC SX-4000,A55942,1.6 TB / 1.8 TB
a652cb10-3953-4ab0-9b2e-df2d9b09dc52,GSC,GSC Cinema 07,f71498aa-ee16-4d0e-aaaf-2d589d6be052,Hall 04,192.168.143.43,GDC SR-1000,A55942,1.6 TB / 2.7 TB
a652cb10-3953-4ab0-9b2e-df2d9b09dc52,GSC,GSC Cinema 07,f71498aa-ee16-4d0e-aaaf-2d589d6be053,Hall 05,192.168.143.53,DSS100,A55942,1.6 TB / 1.8 TB
a652cb10-3953-4ab0-9b2e-df2d9b09dc52,GSC,GSC Cinema 07,f71498aa-ee16-4d0e-aaaf-2d589d6be054,Hall 06,192.168.143.63,LMT300,A55942,1.6 TB / 2.7 TB
a652cb10-3953-4ab0-9b2e-df2d9b09dc52,GSC,GSC Cinema 07,f71498aa-ee16-4d0e-aaaf-2d589d6be055,Hall 07,192.168.143.73,DC Server,A55942,1.6 TB / 1.8 TB
a652cb10-3953-4ab0-9b2e-df2d9b09dc52,GSC,GSC Cinema 07,f71498aa-ee16-4d0e-aaaf-2d589d6be056,Hall 08,192.168.143.83,GDC SX-3000,A55942,1.6 TB / 2.7 TB
a652cb10-3953-4ab0-9b2e-df2d9b09dc53,GSC,GSC Cinema 08,f71498aa-ee16-4d0e-aaaf-2d589d6be057,Hall 01,192.168.143.13,GDC SX-4000,218013,1.6 TB / 1.8 TB
a652cb10-3953-4ab0-9b2e-df2d9b09dc53,GSC,GSC Cinema 08,f71498aa-ee16-4d0e-aaaf-2d589d6be058,Hall 02,192.168.143.23,GDC SR-1000,A55942,1.6 TB / 2.7 TB
a652cb10-3953-4ab0-9b2e-df2d9b09dc53,GSC,GSC Cinema 08,f71498aa-ee16-4d0e-aaaf-2d589d6be059,Hall 03,192.168.143.33,DSS100,A55942,1.6 TB / 1.8 TB
a652cb10-3953-4ab0-9b2e-df2d9b09dc53,GSC,GSC Cinema 08,f71498aa-ee16-4d0e-aaaf-2d589d6be060,Hall 04,192.168.143.43,LMT300,A55942,1.6 TB / 2.7 TB
a652cb10-3953-4ab0-9b2e-df2d9b09dc53,GSC,GSC Cinema 08,f71498aa-ee16-4d0e-aaaf-2d589d6be061,Hall 05,192.168.143.53,DC Server,A55942,1.6 TB / 1.8 TB
a652cb10-3953-4ab0-9b2e-df2d9b09dc53,GSC,GSC Cinema 08,f71498aa-ee16-4d0e-aaaf-2d589d6be062,Hall 06,192.168.143.63,GDC SX-3000,A55942,1.6 TB / 2.7 TB
a652cb10-3953-4ab0-9b2e-df2d9b09dc53,GSC,GSC Cinema 08,f71498aa-ee16-4d0e-aaaf-2d589d6be063,Hall 07,192.168.143.73,GDC SX-4000,A55942,1.6 TB / 1.8 TB
a652cb10-3953-4ab0-9b2e-df2d9b09dc53,GSC,GSC Cinema 08,f71498aa-ee16-4d0e-aaaf-2d589d6be064,Hall 08,192.168.143.83,GDC SR-1000,A55942,1.6 TB / 2.7 TB
a652cb10-3953-4ab0-9b2e-df2d9b09dc54,GSC,GSC Cinema 09,f71498aa-ee16-4d0e-aaaf-2d589d6be065,Hall 01,192.168.143.13,DSS100,218014,1.6 TB / 1.8 TB
a652cb10-3953-4ab0-9b2e-df2d9b09dc54,GSC,GSC Cinema 09,f71498aa-ee16-4d0e-aaaf-2d589d6be066,Hall 02,192.168.143.23,LMT300,A55942,1.6 TB / 2.7 TB
a652cb10-3953-4ab0-9b2e-df2d9b09dc54,GSC,GSC Cinema 09,f71498aa-ee16-4d0e-aaaf-2d589d6be067,Hall 03,192.168.143.33,DC Server,A55942,1.6 TB / 1.8 TB
a652cb10-3953-4ab0-9b2e-df2d9b09dc54,GSC,GSC Cinema 09,f71498aa-ee16-4d0e-aaaf-2d589d6be068,Hall 04,192.168.143.43,GDC SX-3000,A55942,1.6 TB / 2.7 TB
a652cb10-3953-4ab0-9b2e-df2d9b09dc54,GSC,GSC Cinema 09,f71498aa-ee16-4d0e-aaaf-2d589d6be069,Hall 05,192.168.143.53,GDC SX-4000,A55942,1.6 TB / 1.8 TB
a652cb10-3953-4ab0-9b2e-df2d9b09dc54,GSC,GSC Cinema 09,f71498aa-ee16-4d0e-aaaf-2d589d6be070,Hall 06,192.168.143.63,GDC SR-1000,A55942,1.6 TB / 2.7 TB
a652cb10-3953-4ab0-9b2e-df2d9b09dc54,GSC,GSC Cinema 09,f71498aa-ee16-4d0e-aaaf-2d589d6be071,Hall 07,192.168.143.73,DSS100,A55942,1.6 TB / 1.8 TB
a652cb10-3953-4ab0-9b2e-df2d9b09dc54,GSC,GSC Cinema 09,f71498aa-ee16-4d0e-aaaf-2d589d6be072,Hall 08,192.168.143.83,LMT300,A55942,1.6 TB / 2.7 TB
a652cb10-3953-4ab0-9b2e-df2d9b09dc55,GSC,GSC Cinema 10,f71498aa-ee16-4d0e-aaaf-2d589d6be073,Hall 01,192.168.143.13,DC Server,218014,1.6 TB / 1.8 TB
a652cb10-3953-4ab0-9b2e-df2d9b09dc55,GSC,GSC Cinema 10,f71498aa-ee16-4d0e-aaaf-2d589d6be074,Hall 02,192.168.143.23,GDC SX-3000,A55942,1.6 TB / 2.7 TB
a652cb10-3953-4ab0-9b2e-df2d9b09dc55,GSC,GSC Cinema 10,f71498aa-ee16-4d0e-aaaf-2d589d6be075,Hall 03,192.168.143.33,GDC SX-4000,A55942,1.6 TB / 1.8 TB
a652cb10-3953-4ab0-9b2e-df2d9b09dc55,GSC,GSC Cinema 10,f71498aa-ee16-4d0e-aaaf-2d589d6be076,Hall 04,192.168.143.43,GDC SR-1000,A55942,1.6 TB / 2.7 TB
a652cb10-3953-4ab0-9b2e-df2d9b09dc55,GSC,GSC Cinema 10,f71498aa-ee16-4d0e-aaaf-2d589d6be077,Hall 05,192.168.143.53,DSS100,A55942,1.6 TB / 1.8 TB
a652cb10-3953-4ab0-9b2e-df2d9b09dc55,GSC,GSC Cinema 10,f71498aa-ee16-4d0e-aaaf-2d589d6be078,Hall 06,192.168.143.63,LMT300,A55942,1.6 TB / 2.7 TB
a652cb10-3953-4ab0-9b2e-df2d9b09dc55,GSC,GSC Cinema 10,f71498aa-ee16-4d0e-aaaf-2d589d6be079,Hall 07,192.168.143.73,DC Server,A55942,1.6 TB / 1.8 TB
a652cb10-3953-4ab0-9b2e-df2d9b09dc55,GSC,GSC Cinema 10,f71498aa-ee16-4d0e-aaaf-2d589d6be080,Hall 08,192.168.143.83,GDC SX-3000,A55942,1.6 TB / 2.7 TB
a652cb10-3953-4ab0-9b2e-df2d9b09dc56,GSC,GSC Cinema 11,f71498aa-ee16-4d0e-aaaf-2d589d6be081,Hall 01,192.168.143.13,GDC SX-4000,218015,1.6 TB / 1.8 TB
a652cb10-3953-4ab0-9b2e-df2d9b09dc56,GSC,GSC Cinema 11,f71498aa-ee16-4d0e-aaaf-2d589d6be082,Hall 02,192.168.143.23,GDC SR-1000,A55942,1.6 TB / 2.7 TB
a652cb10-3953-4ab0-9b2e-df2d9b09dc56,GSC,GSC Cinema 11,f71498aa-ee16-4d0e-aaaf-2d589d6be083,Hall 03,192.168.143.33,DSS100,A55942,1.6 TB / 1.8 TB
a652cb10-3953-4ab0-9b2e-df2d9b09dc56,GSC,GSC Cinema 11,f71498aa-ee16-4d0e-aaaf-2d589d6be084,Hall 04,192.168.143.43,LMT300,A55942,1.6 TB / 2.7 TB
a652cb10-3953-4ab0-9b2e-df2d9b09dc56,GSC,GSC Cinema 11,f71498aa-ee16-4d0e-aaaf-2d589d6be085,Hall 05,192.168.143.53,DC Server,A55942,1.6 TB / 1.8 TB
a652cb10-3953-4ab0-9b2e-df2d9b09dc56,GSC,GSC Cinema 11,f71498aa-ee16-4d0e-aaaf-2d589d6be086,Hall 06,192.168.143.63,GDC SX-3000,A55942,1.6 TB / 2.7 TB
a652cb10-3953-4ab0-9b2e-df2d9b09dc56,GSC,GSC Cinema 11,f71498aa-ee16-4d0e-aaaf-2d589d6be087,Hall 07,192.168.143.73,GDC SX-4000,A55942,1.6 TB / 1.8 TB
a652cb10-3953-4ab0-9b2e-df2d9b09dc56,GSC,GSC Cinema 11,f71498aa-ee16-4d0e-aaaf-2d589d6be088,Hall 08,192.168.143.83,GDC SR-1000,A55942,1.6 TB / 2.7 TB
a652cb10-3953-4ab0-9b2e-df2d9b09dc57,GSC,GSC Cinema 12,f71498aa-ee16-4d0e-aaaf-2d589d6be089,Hall 01,192.168.143.13,DSS100,218015,1.6 TB / 1.8 TB
a652cb10-3953-4ab0-9b2e-df2d9b09dc57,GSC,GSC Cinema 12,f71498aa-ee16-4d0e-aaaf-2d589d6be090,Hall 02,192.168.143.23,LMT300,A55942,1.6 TB / 2.7 TB
a652cb10-3953-4ab0-9b2e-df2d9b09dc57,GSC,GSC Cinema 12,f71498aa-ee16-4d0e-aaaf-2d589d6be091,Hall 03,192.168.143.33,DC Server,A55942,1.6 TB / 1.8 TB
a652cb10-3953-4ab0-9b2e-df2d9b09dc57,GSC,GSC Cinema 12,f71498aa-ee16-4d0e-aaaf-2d589d6be092,Hall 04,192.168.143.43,GDC SX-3000,A55942,1.6 TB / 2.7 TB
a652cb10-3953-4ab0-9b2e-df2d9b09dc57,GSC,GSC Cinema 12,f71498aa-ee16-4d0e-aaaf-2d589d6be093,Hall 05,192.168.143.53,GDC SX-4000,A55942,1.6 TB / 1.8 TB
a652cb10-3953-4ab0-9b2e-df2d9b09dc57,GSC,GSC Cinema 12,f71498aa-ee16-4d0e-aaaf-2d589d6be094,Hall 06,192.168.143.63,GDC SR-1000,A55942,1.6 TB / 2.7 TB
a652cb10-3953-4ab0-9b2e-df2d9b09dc57,GSC,GSC Cinema 12,f71498aa-ee16-4d0e-aaaf-2d589d6be095,Hall 07,192.168.143.73,DSS100,A55942,1.6 TB / 1.8 TB
a652cb10-3953-4ab0-9b2e-df2d9b09dc57,GSC,GSC Cinema 12,f71498aa-ee16-4d0e-aaaf-2d589d6be096,Hall 08,192.168.143.83,LMT300,A55942,1.6 TB / 2.7 TB
a652cb10-3953-4ab0-9b2e-df2d9b09dc58,GSC,GSC Cinema 13,f71498aa-ee16-4d0e-aaaf-2d589d6be097,Hall 01,192.168.143.13,DC Server,218016,1.6 TB / 1.8 TB
a652cb10-3953-4ab0-9b2e-df2d9b09dc58,GSC,GSC Cinema 13,f71498aa-ee16-4d0e-aaaf-2d589d6be098,Hall 02,192.168.143.23,GDC SX-3000,A55942,1.6 TB / 2.7 TB
a652cb10-3953-4ab0-9b2e-df2d9b09dc58,GSC,GSC Cinema 13,f71498aa-ee16-4d0e-aaaf-2d589d6be099,Hall 03,192.168.143.33,GDC SX-4000,A55942,1.6 TB / 1.8 TB
a652cb10-3953-4ab0-9b2e-df2d9b09dc58,GSC,GSC Cinema 13,f71498aa-ee16-4d0e-aaaf-2d589d6be100,Hall 04,192.168.143.43,GDC SR-1000,A55942,1.6 TB / 2.7 TB
a652cb10-3953-4ab0-9b2e-df2d9b09dc58,GSC,GSC Cinema 13,f71498aa-ee16-4d0e-aaaf-2d589d6be101,Hall 05,192.168.143.53,DSS100,A55942,1.6 TB / 1.8 TB
a652cb10-3953-4ab0-9b2e-df2d9b09dc58,GSC,GSC Cinema 13,f71498aa-ee16-4d0e-aaaf-2d589d6be102,Hall 06,192.168.143.63,LMT300,A55942,1.6 TB / 2.7 TB
a652cb10-3953-4ab0-9b2e-df2d9b09dc58,GSC,GSC Cinema 13,f71498aa-ee16-4d0e-aaaf-2d589d6be103,Hall 07,192.168.143.73,DC Server,A55942,1.6 TB / 1.8 TB
a652cb10-3953-4ab0-9b2e-df2d9b09dc58,GSC,GSC Cinema 13,f71498aa-ee16-4d0e-aaaf-2d589d6be104,Hall 08,192.168.143.83,GDC SX-3000,A55942,1.6 TB / 2.7 TB
a652cb10-3953-4ab0-9b2e-df2d9b09dc59,GSC,GSC Cinema 14,f71498aa-ee16-4d0e-aaaf-2d589d6be105,Hall 01,192.168.143.13,GDC SX-4000,218016,1.6 TB / 1.8 TB
a652cb10-3953-4ab0-9b2e-df2d9b09dc59,GSC,GSC Cinema 14,f71498aa-ee16-4d0e-aaaf-2d589d6be106,Hall 02,192.168.143.23,GDC SR-1000,A55942,1.6 TB / 2.7 TB
a652cb10-3953-4ab0-9b2e-df2d9b09dc59,GSC,GSC Cinema 14,f71498aa-ee16-4d0e-aaaf-2d589d6be107,Hall 03,192.168.143.33,DSS100,A55942,1.6 TB / 1.8 TB
a652cb10-3953-4ab0-9b2e-df2d9b09dc59,GSC,GSC Cinema 14,f71498aa-ee16-4d0e-aaaf-2d589d6be108,Hall 04,192.168.143.43,LMT300,A55942,1.6 TB / 2.7 TB
a652cb10-3953-4ab0-9b2e-df2d9b09dc59,GSC,GSC Cinema 14,f71498aa-ee16-4d0e-aaaf-2d589d6be109,Hall 05,192.168.143.53,DC Server,A55942,1.6 TB / 1.8 TB
a652cb10-3953-4ab0-9b2e-df2d9b09dc59,GSC,GSC Cinema 14,f71498aa-ee16-4d0e-aaaf-2d589d6be110,Hall 06,192.168.143.63,GDC SX-3000,A55942,1.6 TB / 2.7 TB
a652cb10-3953-4ab0-9b2e-df2d9b09dc59,GSC,GSC Cinema 14,f71498aa-ee16-4d0e-aaaf-2d589d6be111,Hall 07,192.168.143.73,GDC SX-4000,A55942,1.6 TB / 1.8 TB
a652cb10-3953-4ab0-9b2e-df2d9b09dc59,GSC,GSC Cinema 14,f71498aa-ee16-4d0e-aaaf-2d589d6be112,Hall 08,192.168.143.83,GDC SR-1000,A55942,1.6 TB / 2.7 TB
a652cb10-3953-4ab0-9b2e-df2d9b09dc60,GSC,GSC Cinema 15,f71498aa-ee16-4d0e-aaaf-2d589d6be113,Hall 01,192.168.143.13,DSS100,218017,1.6 TB / 1.8 TB
a652cb10-3953-4ab0-9b2e-df2d9b09dc60,GSC,GSC Cinema 15,f71498aa-ee16-4d0e-aaaf-2d589d6be114,Hall 02,192.168.143.23,LMT300,A55942,1.6 TB / 2.7 TB
a652cb10-3953-4ab0-9b2e-df2d9b09dc60,GSC,GSC Cinema 15,f71498aa-ee16-4d0e-aaaf-2d589d6be115,Hall 03,192.168.143.33,DC Server,A55942,1.6 TB / 1.8 TB
a652cb10-3953-4ab0-9b2e-df2d9b09dc60,GSC,GSC Cinema 15,f71498aa-ee16-4d0e-aaaf-2d589d6be116,Hall 04,192.168.143.43,GDC SX-3000,A55942,1.6 TB / 2.7 TB
a652cb10-3953-4ab0-9b2e-df2d9b09dc60,GSC,GSC Cinema 15,f71498aa-ee16-4d0e-aaaf-2d589d6be117,Hall 05,192.168.143.53,GDC SX-4000,A55942,1.6 TB / 1.8 TB
a652cb10-3953-4ab0-9b2e-df2d9b09dc60,GSC,GSC Cinema 15,f71498aa-ee16-4d0e-aaaf-2d589d6be118,Hall 06,192.168.143.63,GDC SR-1000,A55942,1.6 TB / 2.7 TB
a652cb10-3953-4ab0-9b2e-df2d9b09dc60,GSC,GSC Cinema 15,f71498aa-ee16-4d0e-aaaf-2d589d6be119,Hall 07,192.168.143.73,DSS100,A55942,1.6 TB / 1.8 TB
a652cb10-3953-4ab0-9b2e-df2d9b09dc60,GSC,GSC Cinema 15,f71498aa-ee16-4d0e-aaaf-2d589d6be120,Hall 08,192.168.143.83,LMT300,A55942,1.6 TB / 2.7 TB
a652cb10-3953-4ab0-9b2e-df2d9b09dc61,GSC,GSC Cinema 16,f71498aa-ee16-4d0e-aaaf-2d589d6be121,Hall 01,192.168.143.13,DC Server,218017,1.6 TB / 1.8 TB
a652cb10-3953-4ab0-9b2e-df2d9b09dc61,GSC,GSC Cinema 16,f71498aa-ee16-4d0e-aaaf-2d589d6be122,Hall 02,192.168.143.23,GDC SX-3000,A55942,1.6 TB / 2.7 TB
a652cb10-3953-4ab0-9b2e-df2d9b09dc61,GSC,GSC Cinema 16,f71498aa-ee16-4d0e-aaaf-2d589d6be123,Hall 03,192.168.143.33,GDC SX-4000,A55942,1.6 TB / 1.8 TB
a652cb10-3953-4ab0-9b2e-df2d9b09dc61,GSC,GSC Cinema 16,f71498aa-ee16-4d0e-aaaf-2d589d6be124,Hall 04,192.168.143.43,GDC SR-1000,A55942,1.6 TB / 2.7 TB
a652cb10-3953-4ab0-9b2e-df2d9b09dc61,GSC,GSC Cinema 16,f71498aa-ee16-4d0e-aaaf-2d589d6be125,Hall 05,192.168.143.53,DSS100,A55942,1.6 TB / 1.8 TB
a652cb10-3953-4ab0-9b2e-df2d9b09dc61,GSC,GSC Cinema 16,f71498aa-ee16-4d0e-aaaf-2d589d6be126,Hall 06,192.168.143.63,LMT300,A55942,1.6 TB / 2.7 TB
a652cb10-3953-4ab0-9b2e-df2d9b09dc61,GSC,GSC Cinema 16,f71498aa-ee16-4d0e-aaaf-2d589d6be127,Hall 07,192.168.143.73,DC Server,A55942,1.6 TB / 1.8 TB
a652cb10-3953-4ab0-9b2e-df2d9b09dc61,GSC,GSC Cinema 16,f71498aa-ee16-4d0e-aaaf-2d589d6be128,Hall 08,192.168.143.83,GDC SX-3000,A55942,1.6 TB / 2.7 TB
a652cb10-3953-4ab0-9b2e-df2d9b09dc62,GSC,GSC Cinema 17,f71498aa-ee16-4d0e-aaaf-2d589d6be129,Hall 01,192.168.143.13,GDC SX-4000,218018,1.6 TB / 1.8 TB
a652cb10-3953-4ab0-9b2e-df2d9b09dc62,GSC,GSC Cinema 17,f71498aa-ee16-4d0e-aaaf-2d589d6be130,Hall 02,192.168.143.23,GDC SR-1000,A55942,1.6 TB / 2.7 TB
a652cb10-3953-4ab0-9b2e-df2d9b09dc62,GSC,GSC Cinema 17,f71498aa-ee16-4d0e-aaaf-2d589d6be131,Hall 03,192.168.143.33,DSS100,A55942,1.6 TB / 1.8 TB
a652cb10-3953-4ab0-9b2e-df2d9b09dc62,GSC,GSC Cinema 17,f71498aa-ee16-4d0e-aaaf-2d589d6be132,Hall 04,192.168.143.43,LMT300,A55942,1.6 TB / 2.7 TB
a652cb10-3953-4ab0-9b2e-df2d9b09dc62,GSC,GSC Cinema 17,f71498aa-ee16-4d0e-aaaf-2d589d6be133,Hall 05,192.168.143.53,DC Server,A55942,1.6 TB / 1.8 TB
a652cb10-3953-4ab0-9b2e-df2d9b09dc62,GSC,GSC Cinema 17,f71498aa-ee16-4d0e-aaaf-2d589d6be134,Hall 06,192.168.143.63,GDC SX-3000,A55942,1.6 TB / 2.7 TB
a652cb10-3953-4ab0-9b2e-df2d9b09dc62,GSC,GSC Cinema 17,f71498aa-ee16-4d0e-aaaf-2d589d6be135,Hall 07,192.168.143.73,GDC SX-4000,A55942,1.6 TB / 1.8 TB
a652cb10-3953-4ab0-9b2e-df2d9b09dc62,GSC,GSC Cinema 17,f71498aa-ee16-4d0e-aaaf-2d589d6be136,Hall 08,192.168.143.83,GDC SR-1000,A55942,1.6 TB / 2.7 TB
a652cb10-3953-4ab0-9b2e-df2d9b09dc63,GSC,GSC Cinema 18,f71498aa-ee16-4d0e-aaaf-2d589d6be137,Hall 01,192.168.143.13,DSS100,218018,1.6 TB / 1.8 TB
a652cb10-3953-4ab0-9b2e-df2d9b09dc63,GSC,GSC Cinema 18,f71498aa-ee16-4d0e-aaaf-2d589d6be138,Hall 02,192.168.143.23,LMT300,A55942,1.6 TB / 2.7 TB
a652cb10-3953-4ab0-9b2e-df2d9b09dc63,GSC,GSC Cinema 18,f71498aa-ee16-4d0e-aaaf-2d589d6be139,Hall 03,192.168.143.33,DC Server,A55942,1.6 TB / 1.8 TB
a652cb10-3953-4ab0-9b2e-df2d9b09dc63,GSC,GSC Cinema 18,f71498aa-ee16-4d0e-aaaf-2d589d6be140,Hall 04,192.168.143.43,GDC SX-3000,A55942,1.6 TB / 2.7 TB
a652cb10-3953-4ab0-9b2e-df2d9b09dc63,GSC,GSC Cinema 18,f71498aa-ee16-4d0e-aaaf-2d589d6be141,Hall 05,192.168.143.53,GDC SX-4000,A55942,1.6 TB / 1.8 TB
a652cb10-3953-4ab0-9b2e-df2d9b09dc63,GSC,GSC Cinema 18,f71498aa-ee16-4d0e-aaaf-2d589d6be142,Hall 06,192.168.143.63,GDC SR-1000,A55942,1.6 TB / 2.7 TB
a652cb10-3953-4ab0-9b2e-df2d9b09dc63,GSC,GSC Cinema 18,f71498aa-ee16-4d0e-aaaf-2d589d6be143,Hall 07,192.168.143.73,DSS100,A55942,1.6 TB / 1.8 TB
a652cb10-3953-4ab0-9b2e-df2d9b09dc63,GSC,GSC Cinema 18,f71498aa-ee16-4d0e-aaaf-2d589d6be144,Hall 08,192.168.143.83,LMT300,A55942,1.6 TB / 2.7 TB
a652cb10-3953-4ab0-9b2e-df2d9b09dc64,GSC,GSC Cinema 19,f71498aa-ee16-4d0e-aaaf-2d589d6be145,Hall 01,192.168.143.13,DC Server,218019,1.6 TB / 1.8 TB
a652cb10-3953-4ab0-9b2e-df2d9b09dc64,GSC,GSC Cinema 19,f71498aa-ee16-4d0e-aaaf-2d589d6be146,Hall 02,192.168.143.23,GDC SX-3000,A55942,1.6 TB / 2.7 TB
a652cb10-3953-4ab0-9b2e-df2d9b09dc64,GSC,GSC Cinema 19,f71498aa-ee16-4d0e-aaaf-2d589d6be147,Hall 03,192.168.143.33,GDC SX-4000,A55942,1.6 TB / 1.8 TB
a652cb10-3953-4ab0-9b2e-df2d9b09dc64,GSC,GSC Cinema 19,f71498aa-ee16-4d0e-aaaf-2d589d6be148,Hall 04,192.168.143.43,GDC SR-1000,A55942,1.6 TB / 2.7 TB
a652cb10-3953-4ab0-9b2e-df2d9b09dc64,GSC,GSC Cinema 19,f71498aa-ee16-4d0e-aaaf-2d589d6be149,Hall 05,192.168.143.53,DSS100,A55942,1.6 TB / 1.8 TB
a652cb10-3953-4ab0-9b2e-df2d9b09dc64,GSC,GSC Cinema 19,f71498aa-ee16-4d0e-aaaf-2d589d6be150,Hall 06,192.168.143.63,LMT300,A55942,1.6 TB / 2.7 TB
a652cb10-3953-4ab0-9b2e-df2d9b09dc64,GSC,GSC Cinema 19,f71498aa-ee16-4d0e-aaaf-2d589d6be151,Hall 07,192.168.143.73,DC Server,A55942,1.6 TB / 1.8 TB
a652cb10-3953-4ab0-9b2e-df2d9b09dc64,GSC,GSC Cinema 19,f71498aa-ee16-4d0e-aaaf-2d589d6be152,Hall 08,192.168.143.83,GDC SX-3000,A55942,1.6 TB / 2.7 TB
a652cb10-3953-4ab0-9b2e-df2d9b09dc65,GSC,GSC Cinema 20,f71498aa-ee16-4d0e-aaaf-2d589d6be153,Hall 01,192.168.143.13,GDC SX-4000,218019,1.6 TB / 1.8 TB
a652cb10-3953-4ab0-9b2e-df2d9b09dc65,GSC,GSC Cinema 20,f71498aa-ee16-4d0e-aaaf-2d589d6be154,Hall 02,192.168.143.23,GDC SR-1000,A55942,1.6 TB / 2.7 TB
a652cb10-3953-4ab0-9b2e-df2d9b09dc65,GSC,GSC Cinema 20,f71498aa-ee16-4d0e-aaaf-2d589d6be155,Hall 03,192.168.143.33,DSS100,A55942,1.6 TB / 1.8 TB
a652cb10-3953-4ab0-9b2e-df2d9b09dc65,GSC,GSC Cinema 20,f71498aa-ee16-4d0e-aaaf-2d589d6be156,Hall 04,192.168.143.43,LMT300,A55942,1.6 TB / 2.7 TB
a652cb10-3953-4ab0-9b2e-df2d9b09dc65,GSC,GSC Cinema 20,f71498aa-ee16-4d0e-aaaf-2d589d6be157,Hall 05,192.168.143.53,DC Server,A55942,1.6 TB / 1.8 TB
a652cb10-3953-4ab0-9b2e-df2d9b09dc65,GSC,GSC Cinema 20,f71498aa-ee16-4d0e-aaaf-2d589d6be158,Hall 06,192.168.143.63,GDC SX-3000,A55942,1.6 TB / 2.7 TB
a652cb10-3953-4ab0-9b2e-df2d9b09dc65,GSC,GSC Cinema 20,f71498aa-ee16-4d0e-aaaf-2d589d6be159,Hall 07,192.168.143.73,GDC SX-4000,A55942,1.6 TB / 1.8 TB
a652cb10-3953-4ab0-9b2e-df2d9b09dc65,GSC,GSC Cinema 20,f71498aa-ee16-4d0e-aaaf-2d589d6be160,Hall 08,192.168.143.83,GDC SR-1000,A55942,1.6 TB / 2.7 TB
a652cb10-3953-4ab0-9b2e-df2d9b09dc66,GSC,GSC Cinema 21,f71498aa-ee16-4d0e-aaaf-2d589d6be161,Hall 01,192.168.143.13,DSS100,218020,1.6 TB / 1.8 TB
a652cb10-3953-4ab0-9b2e-df2d9b09dc66,GSC,GSC Cinema 21,f71498aa-ee16-4d0e-aaaf-2d589d6be162,Hall 02,192.168.143.23,LMT300,A55942,1.6 TB / 2.7 TB
a652cb10-3953-4ab0-9b2e-df2d9b09dc66,GSC,GSC Cinema 21,f71498aa-ee16-4d0e-aaaf-2d589d6be163,Hall 03,192.168.143.33,DC Server,A55942,1.6 TB / 1.8 TB
a652cb10-3953-4ab0-9b2e-df2d9b09dc66,GSC,GSC Cinema 21,f71498aa-ee16-4d0e-aaaf-2d589d6be164,Hall 04,192.168.143.43,GDC SX-3000,A55942,1.6 TB / 2.7 TB
a652cb10-3953-4ab0-9b2e-df2d9b09dc66,GSC,GSC Cinema 21,f71498aa-ee16-4d0e-aaaf-2d589d6be165,Hall 05,192.168.143.53,GDC SX-4000,A55942,1.6 TB / 1.8 TB
a652cb10-3953-4ab0-9b2e-df2d9b09dc66,GSC,GSC Cinema 21,f71498aa-ee16-4d0e-aaaf-2d589d6be166,Hall 06,192.168.143.63,GDC SR-1000,A55942,1.6 TB / 2.7 TB
a652cb10-3953-4ab0-9b2e-df2d9b09dc66,GSC,GSC Cinema 21,f71498aa-ee16-4d0e-aaaf-2d589d6be167,Hall 07,192.168.143.73,DSS100,A55942,1.6 TB / 1.8 TB
a652cb10-3953-4ab0-9b2e-df2d9b09dc66,GSC,GSC Cinema 21,f71498aa-ee16-4d0e-aaaf-2d589d6be168,Hall 08,192.168.143.83,LMT300,A55942,1.6 TB / 2.7 TB
a652cb10-3953-4ab0-9b2e-df2d9b09dc67,GSC,GSC Cinema 22,f71498aa-ee16-4d0e-aaaf-2d589d6be169,Hall 01,192.168.143.13,DC Server,218020,1.6 TB / 1.8 TB
a652cb10-3953-4ab0-9b2e-df2d9b09dc67,GSC,GSC Cinema 22,f71498aa-ee16-4d0e-aaaf-2d589d6be170,Hall 02,192.168.143.23,GDC SX-3000,A55942,1.6 TB / 2.7 TB
a652cb10-3953-4ab0-9b2e-df2d9b09dc67,GSC,GSC Cinema 22,f71498aa-ee16-4d0e-aaaf-2d589d6be171,Hall 03,192.168.143.33,GDC SX-4000,A55942,1.6 TB / 1.8 TB
a652cb10-3953-4ab0-9b2e-df2d9b09dc67,GSC,GSC Cinema 22,f71498aa-ee16-4d0e-aaaf-2d589d6be172,Hall 04,192.168.143.43,GDC SR-1000,A55942,1.6 TB / 2.7 TB
a652cb10-3953-4ab0-9b2e-df2d9b09dc67,GSC,GSC Cinema 22,f71498aa-ee16-4d0e-aaaf-2d589d6be173,Hall 05,192.168.143.53,DSS100,A55942,1.6 TB / 1.8 TB
a652cb10-3953-4ab0-9b2e-df2d9b09dc67,GSC,GSC Cinema 22,f71498aa-ee16-4d0e-aaaf-2d589d6be174,Hall 06,192.168.143.63,LMT300,A55942,1.6 TB / 2.7 TB
a652cb10-3953-4ab0-9b2e-df2d9b09dc67,GSC,GSC Cinema 22,f71498aa-ee16-4d0e-aaaf-2d589d6be175,Hall 07,192.168.143.73,DC Server,A55942,1.6 TB / 1.8 TB
a652cb10-3953-4ab0-9b2e-df2d9b09dc67,GSC,GSC Cinema 22,f71498aa-ee16-4d0e-aaaf-2d589d6be176,Hall 08,192.168.143.83,GDC SX-3000,A55942,1.6 TB / 2.7 TB
a652cb10-3953-4ab0-9b2e-df2d9b09dc68,GSC,GSC Cinema 23,f71498aa-ee16-4d0e-aaaf-2d589d6be177,Hall 01,192.168.143.13,GDC SX-4000,218021,1.6 TB / 1.8 TB
a652cb10-3953-4ab0-9b2e-df2d9b09dc68,GSC,GSC Cinema 23,f71498aa-ee16-4d0e-aaaf-2d589d6be178,Hall 02,192.168.143.23,GDC SR-1000,A55942,1.6 TB / 2.7 TB
a652cb10-3953-4ab0-9b2e-df2d9b09dc68,GSC,GSC Cinema 23,f71498aa-ee16-4d0e-aaaf-2d589d6be179,Hall 03,192.168.143.33,DSS100,A55942,1.6 TB / 1.8 TB
a652cb10-3953-4ab0-9b2e-df2d9b09dc68,GSC,GSC Cinema 23,f71498aa-ee16-4d0e-aaaf-2d589d6be180,Hall 04,192.168.143.43,LMT300,A55942,1.6 TB / 2.7 TB
a652cb10-3953-4ab0-9b2e-df2d9b09dc68,GSC,GSC Cinema 23,f71498aa-ee16-4d0e-aaaf-2d589d6be181,Hall 05,192.168.143.53,DC Server,A55942,1.6 TB / 1.8 TB
a652cb10-3953-4ab0-9b2e-df2d9b09dc68,GSC,GSC Cinema 23,f71498aa-ee16-4d0e-aaaf-2d589d6be182,Hall 06,192.168.143.63,GDC SX-3000,A55942,1.6 TB / 2.7 TB
a652cb10-3953-4ab0-9b2e-df2d9b09dc68,GSC,GSC Cinema 23,f71498aa-ee16-4d0e-aaaf-2d589d6be183,Hall 07,192.168.143.73,GDC SX-4000,A55942,1.6 TB / 1.8 TB
a652cb10-3953-4ab0-9b2e-df2d9b09dc68,GSC,GSC Cinema 23,f71498aa-ee16-4d0e-aaaf-2d589d6be184,Hall 08,192.168.143.83,GDC SR-1000,A55942,1.6 TB / 2.7 TB
a652cb10-3953-4ab0-9b2e-df2d9b09dc69,GSC,GSC Cinema 24,f71498aa-ee16-4d0e-aaaf-2d589d6be185,Hall 01,192.168.143.13,DSS100,218021,1.6 TB / 1.8 TB
a652cb10-3953-4ab0-9b2e-df2d9b09dc69,GSC,GSC Cinema 24,f71498aa-ee16-4d0e-aaaf-2d589d6be186,Hall 02,192.168.143.23,LMT300,A55942,1.6 TB / 2.7 TB
a652cb10-3953-4ab0-9b2e-df2d9b09dc69,GSC,GSC Cinema 24,f71498aa-ee16-4d0e-aaaf-2d589d6be187,Hall 03,192.168.143.33,DC Server,A55942,1.6 TB / 1.8 TB
a652cb10-3953-4ab0-9b2e-df2d9b09dc69,GSC,GSC Cinema 24,f71498aa-ee16-4d0e-aaaf-2d589d6be188,Hall 04,192.168.143.43,GDC SX-3000,A55942,1.6 TB / 2.7 TB
a652cb10-3953-4ab0-9b2e-df2d9b09dc69,GSC,GSC Cinema 24,f71498aa-ee16-4d0e-aaaf-2d589d6be189,Hall 05,192.168.143.53,GDC SX-4000,A55942,1.6 TB / 1.8 TB
a652cb10-3953-4ab0-9b2e-df2d9b09dc69,GSC,GSC Cinema 24,f71498aa-ee16-4d0e-aaaf-2d589d6be190,Hall 06,192.168.143.63,GDC SR-1000,A55942,1.6 TB / 2.7 TB
a652cb10-3953-4ab0-9b2e-df2d9b09dc69,GSC,GSC Cinema 24,f71498aa-ee16-4d0e-aaaf-2d589d6be191,Hall 07,192.168.143.73,DSS100,A55942,1.6 TB / 1.8 TB
a652cb10-3953-4ab0-9b2e-df2d9b09dc69,GSC,GSC Cinema 24,f71498aa-ee16-4d0e-aaaf-2d589d6be192,Hall 08,192.168.143.83,LMT300,A55942,1.6 TB / 2.7 TB
a652cb10-3953-4ab0-9b2e-df2d9b09dc70,GSC,GSC Cinema 25,f71498aa-ee16-4d0e-aaaf-2d589d6be193,Hall 01,192.168.143.13,DC Server,218022,1.6 TB / 1.8 TB
a652cb10-3953-4ab0-9b2e-df2d9b09dc70,GSC,GSC Cinema 25,f71498aa-ee16-4d0e-aaaf-2d589d6be194,Hall 02,192.168.143.23,GDC SX-3000,A55942,1.6 TB / 2.7 TB
a652cb10-3953-4ab0-9b2e-df2d9b09dc70,GSC,GSC Cinema 25,f71498aa-ee16-4d0e-aaaf-2d589d6be195,Hall 03,192.168.143.33,GDC SX-4000,A55942,1.6 TB / 1.8 TB
a652cb10-3953-4ab0-9b2e-df2d9b09dc70,GSC,GSC Cinema 25,f71498aa-ee16-4d0e-aaaf-2d589d6be196,Hall 04,192.168.143.43,GDC SR-1000,A55942,1.6 TB / 2.7 TB
a652cb10-3953-4ab0-9b2e-df2d9b09dc70,GSC,GSC Cinema 25,f71498aa-ee16-4d0e-aaaf-2d589d6be197,Hall 05,192.168.143.53,DSS100,A55942,1.6 TB / 1.8 TB
a652cb10-3953-4ab0-9b2e-df2d9b09dc70,GSC,GSC Cinema 25,f71498aa-ee16-4d0e-aaaf-2d589d6be198,Hall 06,192.168.143.63,LMT300,A55942,1.6 TB / 2.7 TB
a652cb10-3953-4ab0-9b2e-df2d9b09dc70,GSC,GSC Cinema 25,f71498aa-ee16-4d0e-aaaf-2d589d6be199,Hall 07,192.168.143.73,DC Server,A55942,1.6 TB / 1.8 TB
a652cb10-3953-4ab0-9b2e-df2d9b09dc70,GSC,GSC Cinema 25,f71498aa-ee16-4d0e-aaaf-2d589d6be200,Hall 08,192.168.143.83,GDC SX-3000,A55942,1.6 TB / 2.7 TB
a652cb10-3953-4ab0-9b2e-df2d9b09dc71,GSC,GSC Cinema 26,f71498aa-ee16-4d0e-aaaf-2d589d6be201,Hall 01,192.168.143.13,GDC SX-4000,218022,1.6 TB / 1.8 TB
a652cb10-3953-4ab0-9b2e-df2d9b09dc71,GSC,GSC Cinema 26,f71498aa-ee16-4d0e-aaaf-2d589d6be202,Hall 02,192.168.143.23,GDC SR-1000,A55942,1.6 TB / 2.7 TB
a652cb10-3953-4ab0-9b2e-df2d9b09dc71,GSC,GSC Cinema 26,f71498aa-ee16-4d0e-aaaf-2d589d6be203,Hall 03,192.168.143.33,DSS100,A55942,1.6 TB / 1.8 TB
a652cb10-3953-4ab0-9b2e-df2d9b09dc71,GSC,GSC Cinema 26,f71498aa-ee16-4d0e-aaaf-2d589d6be204,Hall 04,192.168.143.43,LMT300,A55942,1.6 TB / 2.7 TB
a652cb10-3953-4ab0-9b2e-df2d9b09dc71,GSC,GSC Cinema 26,f71498aa-ee16-4d0e-aaaf-2d589d6be205,Hall 05,192.168.143.53,DC Server,A55942,1.6 TB / 1.8 TB
a652cb10-3953-4ab0-9b2e-df2d9b09dc71,GSC,GSC Cinema 26,f71498aa-ee16-4d0e-aaaf-2d589d6be206,Hall 06,192.168.143.63,GDC SX-3000,A55942,1.6 TB / 2.7 TB
a652cb10-3953-4ab0-9b2e-df2d9b09dc71,GSC,GSC Cinema 26,f71498aa-ee16-4d0e-aaaf-2d589d6be207,Hall 07,192.168.143.73,GDC SX-4000,A55942,1.6 TB / 1.8 TB
a652cb10-3953-4ab0-9b2e-df2d9b09dc71,GSC,GSC Cinema 26,f71498aa-ee16-4d0e-aaaf-2d589d6be208,Hall 08,192.168.143.83,GDC SR-1000,A55942,1.6 TB / 2.7 TB
a652cb10-3953-4ab0-9b2e-df2d9b09dc72,GSC,GSC Cinema 27,f71498aa-ee16-4d0e-aaaf-2d589d6be209,Hall 01,192.168.143.13,DSS100,218023,1.6 TB / 1.8 TB
a652cb10-3953-4ab0-9b2e-df2d9b09dc72,GSC,GSC Cinema 27,f71498aa-ee16-4d0e-aaaf-2d589d6be210,Hall 02,192.168.143.23,LMT300,A55942,1.6 TB / 2.7 TB
a652cb10-3953-4ab0-9b2e-df2d9b09dc72,GSC,GSC Cinema 27,f71498aa-ee16-4d0e-aaaf-2d589d6be211,Hall 03,192.168.143.33,DC Server,A55942,1.6 TB / 1.8 TB
a652cb10-3953-4ab0-9b2e-df2d9b09dc72,GSC,GSC Cinema 27,f71498aa-ee16-4d0e-aaaf-2d589d6be212,Hall 04,192.168.143.43,GDC SX-3000,A55942,1.6 TB / 2.7 TB
a652cb10-3953-4ab0-9b2e-df2d9b09dc72,GSC,GSC Cinema 27,f71498aa-ee16-4d0e-aaaf-2d589d6be213,Hall 05,192.168.143.53,GDC SX-4000,A55942,1.6 TB / 1.8 TB
a652cb10-3953-4ab0-9b2e-df2d9b09dc72,GSC,GSC Cinema 27,f71498aa-ee16-4d0e-aaaf-2d589d6be214,Hall 06,192.168.143.63,GDC SR-1000,A55942,1.6 TB / 2.7 TB
a652cb10-3953-4ab0-9b2e-df2d9b09dc72,GSC,GSC Cinema 27,f71498aa-ee16-4d0e-aaaf-2d589d6be215,Hall 07,192.168.143.73,DSS100,A55942,1.6 TB / 1.8 TB
a652cb10-3953-4ab0-9b2e-df2d9b09dc72,GSC,GSC Cinema 27,f71498aa-ee16-4d0e-aaaf-2d589d6be216,Hall 08,192.168.143.83,LMT300,A55942,1.6 TB / 2.7 TB
a652cb10-3953-4ab0-9b2e-df2d9b09dc73,GSC,GSC Cinema 28,f71498aa-ee16-4d0e-aaaf-2d589d6be217,Hall 01,192.168.143.13,DC Server,218023,1.6 TB / 1.8 TB
a652cb10-3953-4ab0-9b2e-df2d9b09dc73,GSC,GSC Cinema 28,f71498aa-ee16-4d0e-aaaf-2d589d6be218,Hall 02,192.168.143.23,GDC SX-3000,A55942,1.6 TB / 2.7 TB
a652cb10-3953-4ab0-9b2e-df2d9b09dc73,GSC,GSC Cinema 28,f71498aa-ee16-4d0e-aaaf-2d589d6be219,Hall 03,192.168.143.33,GDC SX-4000,A55942,1.6 TB / 1.8 TB
a652cb10-3953-4ab0-9b2e-df2d9b09dc73,GSC,GSC Cinema 28,f71498aa-ee16-4d0e-aaaf-2d589d6be220,Hall 04,192.168.143.43,GDC SR-1000,A55942,1.6 TB / 2.7 TB
a652cb10-3953-4ab0-9b2e-df2d9b09dc73,GSC,GSC Cinema 28,f71498aa-ee16-4d0e-aaaf-2d589d6be221,Hall 05,192.168.143.53,DSS100,A55942,1.6 TB / 1.8 TB
a652cb10-3953-4ab0-9b2e-df2d9b09dc73,GSC,GSC Cinema 28,f71498aa-ee16-4d0e-aaaf-2d589d6be222,Hall 06,192.168.143.63,LMT300,A55942,1.6 TB / 2.7 TB
a652cb10-3953-4ab0-9b2e-df2d9b09dc73,GSC,GSC Cinema 28,f71498aa-ee16-4d0e-aaaf-2d589d6be223,Hall 07,192.168.143.73,DC Server,A55942,1.6 TB / 1.8 TB
a652cb10-3953-4ab0-9b2e-df2d9b09dc73,GSC,GSC Cinema 28,f71498aa-ee16-4d0e-aaaf-2d589d6be224,Hall 08,192.168.143.83,GDC SX-3000,A55942,1.6 TB / 2.7 TB
a652cb10-3953-4ab0-9b2e-df2d9b09dc74,GSC,GSC Cinema 29,f71498aa-ee16-4d0e-aaaf-2d589d6be225,Hall 01,192.168.143.13,GDC SX-4000,218024,1.6 TB / 1.8 TB
a652cb10-3953-4ab0-9b2e-df2d9b09dc74,GSC,GSC Cinema 29,f71498aa-ee16-4d0e-aaaf-2d589d6be226,Hall 02,192.168.143.23,GDC SR-1000,A55942,1.6 TB / 2.7 TB
a652cb10-3953-4ab0-9b2e-df2d9b09dc74,GSC,GSC Cinema 29,f71498aa-ee16-4d0e-aaaf-2d589d6be227,Hall 03,192.168.143.33,DSS100,A55942,1.6 TB / 1.8 TB
a652cb10-3953-4ab0-9b2e-df2d9b09dc74,GSC,GSC Cinema 29,f71498aa-ee16-4d0e-aaaf-2d589d6be228,Hall 04,192.168.143.43,LMT300,A55942,1.6 TB / 2.7 TB
a652cb10-3953-4ab0-9b2e-df2d9b09dc74,GSC,GSC Cinema 29,f71498aa-ee16-4d0e-aaaf-2d589d6be229,Hall 05,192.168.143.53,DC Server,A55942,1.6 TB / 1.8 TB
a652cb10-3953-4ab0-9b2e-df2d9b09dc74,GSC,GSC Cinema 29,f71498aa-ee16-4d0e-aaaf-2d589d6be230,Hall 06,192.168.143.63,GDC SX-3000,A55942,1.6 TB / 2.7 TB
a652cb10-3953-4ab0-9b2e-df2d9b09dc74,GSC,GSC Cinema 29,f71498aa-ee16-4d0e-aaaf-2d589d6be231,Hall 07,192.168.143.73,GDC SX-4000,A55942,1.6 TB / 1.8 TB
a652cb10-3953-4ab0-9b2e-df2d9b09dc74,GSC,GSC Cinema 29,f71498aa-ee16-4d0e-aaaf-2d589d6be232,Hall 08,192.168.143.83,GDC SR-1000,A55942,1.6 TB / 2.7 TB
a652cb10-3953-4ab0-9b2e-df2d9b09dc75,GSC,GSC Cinema 30,f71498aa-ee16-4d0e-aaaf-2d589d6be233,Hall 01,192.168.143.13,DSS100,218024,1.6 TB / 1.8 TB
a652cb10-3953-4ab0-9b2e-df2d9b09dc75,GSC,GSC Cinema 30,f71498aa-ee16-4d0e-aaaf-2d589d6be234,Hall 02,192.168.143.23,LMT300,A55942,1.6 TB / 2.7 TB
a652cb10-3953-4ab0-9b2e-df2d9b09dc75,GSC,GSC Cinema 30,f71498aa-ee16-4d0e-aaaf-2d589d6be235,Hall 03,192.168.143.33,DC Server,A55942,1.6 TB / 1.8 TB
a652cb10-3953-4ab0-9b2e-df2d9b09dc75,GSC,GSC Cinema 30,f71498aa-ee16-4d0e-aaaf-2d589d6be236,Hall 04,192.168.143.43,GDC SX-3000,A55942,1.6 TB / 2.7 TB
a652cb10-3953-4ab0-9b2e-df2d9b09dc75,GSC,GSC Cinema 30,f71498aa-ee16-4d0e-aaaf-2d589d6be237,Hall 05,192.168.143.53,GDC SX-4000,A55942,1.6 TB / 1.8 TB
a652cb10-3953-4ab0-9b2e-df2d9b09dc75,GSC,GSC Cinema 30,f71498aa-ee16-4d0e-aaaf-2d589d6be238,Hall 06,192.168.143.63,GDC SR-1000,A55942,1.6 TB / 2.7 TB
a652cb10-3953-4ab0-9b2e-df2d9b09dc75,GSC,GSC Cinema 30,f71498aa-ee16-4d0e-aaaf-2d589d6be239,Hall 07,192.168.143.73,DSS100,A55942,1.6 TB / 1.8 TB
a652cb10-3953-4ab0-9b2e-df2d9b09dc75,GSC,GSC Cinema 30,f71498aa-ee16-4d0e-aaaf-2d589d6be240,Hall 08,192.168.143.83,LMT300,A55942,1.6 TB / 2.7 TB
a652cb10-3953-4ab0-9b2e-df2d9b09dc76,GSC,GSC Cinema 31,f71498aa-ee16-4d0e-aaaf-2d589d6be241,Hall 01,192.168.143.13,DC Server,218025,1.6 TB / 1.8 TB
a652cb10-3953-4ab0-9b2e-df2d9b09dc76,GSC,GSC Cinema 31,f71498aa-ee16-4d0e-aaaf-2d589d6be242,Hall 02,192.168.143.23,GDC SX-3000,A55942,1.6 TB / 2.7 TB
a652cb10-3953-4ab0-9b2e-df2d9b09dc76,GSC,GSC Cinema 31,f71498aa-ee16-4d0e-aaaf-2d589d6be243,Hall 03,192.168.143.33,GDC SX-4000,A55942,1.6 TB / 1.8 TB
a652cb10-3953-4ab0-9b2e-df2d9b09dc76,GSC,GSC Cinema 31,f71498aa-ee16-4d0e-aaaf-2d589d6be244,Hall 04,192.168.143.43,GDC SR-1000,A55942,1.6 TB / 2.7 TB
a652cb10-3953-4ab0-9b2e-df2d9b09dc76,GSC,GSC Cinema 31,f71498aa-ee16-4d0e-aaaf-2d589d6be245,Hall 05,192.168.143.53,DSS100,A55942,1.6 TB / 1.8 TB
a652cb10-3953-4ab0-9b2e-df2d9b09dc76,GSC,GSC Cinema 31,f71498aa-ee16-4d0e-aaaf-2d589d6be246,Hall 06,192.168.143.63,LMT300,A55942,1.6 TB / 2.7 TB
a652cb10-3953-4ab0-9b2e-df2d9b09dc76,GSC,GSC Cinema 31,f71498aa-ee16-4d0e-aaaf-2d589d6be247,Hall 07,192.168.143.73,DC Server,A55942,1.6 TB / 1.8 TB
a652cb10-3953-4ab0-9b2e-df2d9b09dc76,GSC,GSC Cinema 31,f71498aa-ee16-4d0e-aaaf-2d589d6be248,Hall 08,192.168.143.83,GDC SX-3000,A55942,1.6 TB / 2.7 TB
a652cb10-3953-4ab0-9b2e-df2d9b09dc77,GSC,GSC Cinema 32,f71498aa-ee16-4d0e-aaaf-2d589d6be249,Hall 01,192.168.143.13,GDC SX-4000,218025,1.6 TB / 1.8 TB
a652cb10-3953-4ab0-9b2e-df2d9b09dc77,GSC,GSC Cinema 32,f71498aa-ee16-4d0e-aaaf-2d589d6be250,Hall 02,192.168.143.23,GDC SR-1000,A55942,1.6 TB / 2.7 TB
a652cb10-3953-4ab0-9b2e-df2d9b09dc77,GSC,GSC Cinema 32,f71498aa-ee16-4d0e-aaaf-2d589d6be251,Hall 03,192.168.143.33,DSS100,A55942,1.6 TB / 1.8 TB
a652cb10-3953-4ab0-9b2e-df2d9b09dc77,GSC,GSC Cinema 32,f71498aa-ee16-4d0e-aaaf-2d589d6be252,Hall 04,192.168.143.43,LMT300,A55942,1.6 TB / 2.7 TB
a652cb10-3953-4ab0-9b2e-df2d9b09dc77,GSC,GSC Cinema 32,f71498aa-ee16-4d0e-aaaf-2d589d6be253,Hall 05,192.168.143.53,DC Server,A55942,1.6 TB / 1.8 TB
a652cb10-3953-4ab0-9b2e-df2d9b09dc77,GSC,GSC Cinema 32,f71498aa-ee16-4d0e-aaaf-2d589d6be254,Hall 06,192.168.143.63,GDC SX-3000,A55942,1.6 TB / 2.7 TB
a652cb10-3953-4ab0-9b2e-df2d9b09dc77,GSC,GSC Cinema 32,f71498aa-ee16-4d0e-aaaf-2d589d6be255,Hall 07,192.168.143.73,GDC SX-4000,A55942,1.6 TB / 1.8 TB
a652cb10-3953-4ab0-9b2e-df2d9b09dc77,GSC,GSC Cinema 32,f71498aa-ee16-4d0e-aaaf-2d589d6be256,Hall 08,192.168.143.83,GDC SR-1000,A55942,1.6 TB / 2.7 TB
a652cb10-3953-4ab0-9b2e-df2d9b09dc78,GSC,GSC Cinema 33,f71498aa-ee16-4d0e-aaaf-2d589d6be257,Hall 01,192.168.143.13,DSS100,218026,1.6 TB / 1.8 TB
a652cb10-3953-4ab0-9b2e-df2d9b09dc78,GSC,GSC Cinema 33,f71498aa-ee16-4d0e-aaaf-2d589d6be258,Hall 02,192.168.143.23,LMT300,A55942,1.6 TB / 2.7 TB
a652cb10-3953-4ab0-9b2e-df2d9b09dc78,GSC,GSC Cinema 33,f71498aa-ee16-4d0e-aaaf-2d589d6be259,Hall 03,192.168.143.33,DC Server,A55942,1.6 TB / 1.8 TB
a652cb10-3953-4ab0-9b2e-df2d9b09dc78,GSC,GSC Cinema 33,f71498aa-ee16-4d0e-aaaf-2d589d6be260,Hall 04,192.168.143.43,GDC SX-3000,A55942,1.6 TB / 2.7 TB
a652cb10-3953-4ab0-9b2e-df2d9b09dc78,GSC,GSC Cinema 33,f71498aa-ee16-4d0e-aaaf-2d589d6be261,Hall 05,192.168.143.53,GDC SX-4000,A55942,1.6 TB / 1.8 TB
a652cb10-3953-4ab0-9b2e-df2d9b09dc78,GSC,GSC Cinema 33,f71498aa-ee16-4d0e-aaaf-2d589d6be262,Hall 06,192.168.143.63,GDC SR-1000,A55942,1.6 TB / 2.7 TB
a652cb10-3953-4ab0-9b2e-df2d9b09dc78,GSC,GSC Cinema 33,f71498aa-ee16-4d0e-aaaf-2d589d6be263,Hall 07,192.168.143.73,DSS100,A55942,1.6 TB / 1.8 TB
a652cb10-3953-4ab0-9b2e-df2d9b09dc78,GSC,GSC Cinema 33,f71498aa-ee16-4d0e-aaaf-2d589d6be264,Hall 08,192.168.143.83,LMT300,A55942,1.6 TB / 2.7 TB
a652cb10-3953-4ab0-9b2e-df2d9b09dc79,GSC,GSC Cinema 34,f71498aa-ee16-4d0e-aaaf-2d589d6be265,Hall 01,192.168.143.13,DC Server,218026,1.6 TB / 1.8 TB
a652cb10-3953-4ab0-9b2e-df2d9b09dc79,GSC,GSC Cinema 34,f71498aa-ee16-4d0e-aaaf-2d589d6be266,Hall 02,192.168.143.23,GDC SX-3000,A55942,1.6 TB / 2.7 TB
a652cb10-3953-4ab0-9b2e-df2d9b09dc79,GSC,GSC Cinema 34,f71498aa-ee16-4d0e-aaaf-2d589d6be267,Hall 03,192.168.143.33,GDC SX-4000,A55942,1.6 TB / 1.8 TB
a652cb10-3953-4ab0-9b2e-df2d9b09dc79,GSC,GSC Cinema 34,f71498aa-ee16-4d0e-aaaf-2d589d6be268,Hall 04,192.168.143.43,GDC SR-1000,A55942,1.6 TB / 2.7 TB
a652cb10-3953-4ab0-9b2e-df2d9b09dc79,GSC,GSC Cinema 34,f71498aa-ee16-4d0e-aaaf-2d589d6be269,Hall 05,192.168.143.53,DSS100,A55942,1.6 TB / 1.8 TB
a652cb10-3953-4ab0-9b2e-df2d9b09dc79,GSC,GSC Cinema 34,f71498aa-ee16-4d0e-aaaf-2d589d6be270,Hall 06,192.168.143.63,LMT300,A55942,1.6 TB / 2.7 TB
a652cb10-3953-4ab0-9b2e-df2d9b09dc79,GSC,GSC Cinema 34,f71498aa-ee16-4d0e-aaaf-2d589d6be271,Hall 07,192.168.143.73,DC Server,A55942,1.6 TB / 1.8 TB
a652cb10-3953-4ab0-9b2e-df2d9b09dc79,GSC,GSC Cinema 34,f71498aa-ee16-4d0e-aaaf-2d589d6be272,Hall 08,192.168.143.83,GDC SX-3000,A55942,1.6 TB / 2.7 TB
a652cb10-3953-4ab0-9b2e-df2d9b09dc80,GSC,GSC Cinema 35,f71498aa-ee16-4d0e-aaaf-2d589d6be273,Hall 01,192.168.143.13,GDC SX-4000,218027,1.6 TB / 1.8 TB
a652cb10-3953-4ab0-9b2e-df2d9b09dc80,GSC,GSC Cinema 35,f71498aa-ee16-4d0e-aaaf-2d589d6be274,Hall 02,192.168.143.23,GDC SR-1000,A55942,1.6 TB / 2.7 TB
a652cb10-3953-4ab0-9b2e-df2d9b09dc80,GSC,GSC Cinema 35,f71498aa-ee16-4d0e-aaaf-2d589d6be275,Hall 03,192.168.143.33,DSS100,A55942,1.6 TB / 1.8 TB
a652cb10-3953-4ab0-9b2e-df2d9b09dc80,GSC,GSC Cinema 35,f71498aa-ee16-4d0e-aaaf-2d589d6be276,Hall 04,192.168.143.43,LMT300,A55942,1.6 TB / 2.7 TB
a652cb10-3953-4ab0-9b2e-df2d9b09dc80,GSC,GSC Cinema 35,f71498aa-ee16-4d0e-aaaf-2d589d6be277,Hall 05,192.168.143.53,DC Server,A55942,1.6 TB / 1.8 TB
a652cb10-3953-4ab0-9b2e-df2d9b09dc80,GSC,GSC Cinema 35,f71498aa-ee16-4d0e-aaaf-2d589d6be278,Hall 06,192.168.143.63,GDC SX-3000,A55942,1.6 TB / 2.7 TB
a652cb10-3953-4ab0-9b2e-df2d9b09dc80,GSC,GSC Cinema 35,f71498aa-ee16-4d0e-aaaf-2d589d6be279,Hall 07,192.168.143.73,GDC SX-4000,A55942,1.6 TB / 1.8 TB
a652cb10-3953-4ab0-9b2e-df2d9b09dc80,GSC,GSC Cinema 35,f71498aa-ee16-4d0e-aaaf-2d589d6be280,Hall 08,192.168.143.83,GDC SR-1000,A55942,1.6 TB / 2.7 TB
a652cb10-3953-4ab0-9b2e-df2d9b09dc81,GSC,GSC Cinema 36,f71498aa-ee16-4d0e-aaaf-2d589d6be281,Hall 01,192.168.143.13,DSS100,218027,1.6 TB / 1.8 TB
a652cb10-3953-4ab0-9b2e-df2d9b09dc81,GSC,GSC Cinema 36,f71498aa-ee16-4d0e-aaaf-2d589d6be282,Hall 02,192.168.143.23,LMT300,A55942,1.6 TB / 2.7 TB
a652cb10-3953-4ab0-9b2e-df2d9b09dc81,GSC,GSC Cinema 36,f71498aa-ee16-4d0e-aaaf-2d589d6be283,Hall 03,192.168.143.33,DC Server,A55942,1.6 TB / 1.8 TB
a652cb10-3953-4ab0-9b2e-df2d9b09dc81,GSC,GSC Cinema 36,f71498aa-ee16-4d0e-aaaf-2d589d6be284,Hall 04,192.168.143.43,GDC SX-3000,A55942,1.6 TB / 2.7 TB
a652cb10-3953-4ab0-9b2e-df2d9b09dc81,GSC,GSC Cinema 36,f71498aa-ee16-4d0e-aaaf-2d589d6be285,Hall 05,192.168.143.53,GDC SX-4000,A55942,1.6 TB / 1.8 TB
a652cb10-3953-4ab0-9b2e-df2d9b09dc81,GSC,GSC Cinema 36,f71498aa-ee16-4d0e-aaaf-2d589d6be286,Hall 06,192.168.143.63,GDC SR-1000,A55942,1.6 TB / 2.7 TB
a652cb10-3953-4ab0-9b2e-df2d9b09dc81,GSC,GSC Cinema 36,f71498aa-ee16-4d0e-aaaf-2d589d6be287,Hall 07,192.168.143.73,DSS100,A55942,1.6 TB / 1.8 TB
a652cb10-3953-4ab0-9b2e-df2d9b09dc81,GSC,GSC Cinema 36,f71498aa-ee16-4d0e-aaaf-2d589d6be288,Hall 08,192.168.143.83,LMT300,A55942,1.6 TB / 2.7 TB
a652cb10-3953-4ab0-9b2e-df2d9b09dc82,GSC,GSC Cinema 37,f71498aa-ee16-4d0e-aaaf-2d589d6be289,Hall 01,192.168.143.13,DC Server,218028,1.6 TB / 1.8 TB
a652cb10-3953-4ab0-9b2e-df2d9b09dc82,GSC,GSC Cinema 37,f71498aa-ee16-4d0e-aaaf-2d589d6be290,Hall 02,192.168.143.23,GDC SX-3000,A55942,1.6 TB / 2.7 TB
a652cb10-3953-4ab0-9b2e-df2d9b09dc82,GSC,GSC Cinema 37,f71498aa-ee16-4d0e-aaaf-2d589d6be291,Hall 03,192.168.143.33,GDC SX-4000,A55942,1.6 TB / 1.8 TB
a652cb10-3953-4ab0-9b2e-df2d9b09dc82,GSC,GSC Cinema 37,f71498aa-ee16-4d0e-aaaf-2d589d6be292,Hall 04,192.168.143.43,GDC SR-1000,A55942,1.6 TB / 2.7 TB
a652cb10-3953-4ab0-9b2e-df2d9b09dc82,GSC,GSC Cinema 37,f71498aa-ee16-4d0e-aaaf-2d589d6be293,Hall 05,192.168.143.53,DSS100,A55942,1.6 TB / 1.8 TB
a652cb10-3953-4ab0-9b2e-df2d9b09dc82,GSC,GSC Cinema 37,f71498aa-ee16-4d0e-aaaf-2d589d6be294,Hall 06,192.168.143.63,LMT300,A55942,1.6 TB / 2.7 TB
a652cb10-3953-4ab0-9b2e-df2d9b09dc82,GSC,GSC Cinema 37,f71498aa-ee16-4d0e-aaaf-2d589d6be295,Hall 07,192.168.143.73,DC Server,A55942,1.6 TB / 1.8 TB
a652cb10-3953-4ab0-9b2e-df2d9b09dc82,GSC,GSC Cinema 37,f71498aa-ee16-4d0e-aaaf-2d589d6be296,Hall 08,192.168.143.83,GDC SX-3000,A55942,1.6 TB / 2.7 TB
a652cb10-3953-4ab0-9b2e-df2d9b09dc83,GSC,GSC Cinema 38,f71498aa-ee16-4d0e-aaaf-2d589d6be297,Hall 01,192.168.143.13,GDC SX-4000,218028,1.6 TB / 1.8 TB
a652cb10-3953-4ab0-9b2e-df2d9b09dc83,GSC,GSC Cinema 38,f71498aa-ee16-4d0e-aaaf-2d589d6be298,Hall 02,192.168.143.23,GDC SR-1000,A55942,1.6 TB / 2.7 TB
a652cb10-3953-4ab0-9b2e-df2d9b09dc83,GSC,GSC Cinema 38,f71498aa-ee16-4d0e-aaaf-2d589d6be299,Hall 03,192.168.143.33,DSS100,A55942,1.6 TB / 1.8 TB
a652cb10-3953-4ab0-9b2e-df2d9b09dc83,GSC,GSC Cinema 38,f71498aa-ee16-4d0e-aaaf-2d589d6be300,Hall 04,192.168.143.43,LMT300,A55942,1.6 TB / 2.7 TB
